Player,Season,Age,Team,Lg,Pos,G,GS,MP,FG,FGA,FG%,3P,3PA,3P%,2P,2PA,2P%,eFG%,FT,FTA,FT%,ORB,DRB,TRB,AST,STL,BLK,TOV,PF,PTS,Trp-Dbl,Awards
Lebron James,2003-04,19,CLE,NBA,SG,79,79,3122,622,1492,0.417,63,217,0.29,559,1275,0.438,0.438,347,460,0.754,99,333,432,465,130,58,273,149,1654,0,"MVP-9,ROY-1"
Lebron James,2004-05,20,CLE,NBA,SF,80,80,3388,795,1684,0.472,108,308,0.351,687,1376,0.499,0.504,477,636,0.75,111,477,588,577,177,52,262,146,2175,4,"MVP-6,AS,NBA2"
Lebron James,2005-06,21,CLE,NBA,SF,79,79,3361,875,1823,0.48,127,379,0.335,748,1444,0.518,0.515,601,814,0.738,75,481,556,521,123,66,260,181,2478,5,"MVP-2,AS,NBA1"
Lebron James,2006-07,22,CLE,NBA,SF,78,78,3190,772,1621,0.476,99,310,0.319,673,1311,0.513,0.507,489,701,0.698,83,443,526,470,125,55,250,171,2132,1,"MVP-5,AS,NBA2"
Lebron James,2007-08,23,CLE,NBA,SF,75,74,3027,794,1642,0.484,113,359,0.315,681,1283,0.531,0.518,549,771,0.712,133,459,592,539,138,81,255,165,2250,7,"MVP-4,AS,NBA1"
Lebron James,2008-09,24,CLE,NBA,SF,81,81,3054,789,1613,0.489,132,384,0.344,657,1229,0.535,0.53,594,762,0.78,106,507,613,587,137,93,241,139,2304,7,"MVP-1,DPOY-2,AS,NBA1,DEF1"
Lebron James,2009-10,25,CLE,NBA,SF,76,76,2966,768,1528,0.503,129,387,0.333,639,1141,0.56,0.545,593,773,0.767,71,483,554,651,125,77,261,119,2258,4,"MVP-1,DPOY-4,AS,NBA1,DEF1"
Lebron James,2010-11,26,MIA,NBA,SF,79,79,3063,758,1485,0.51,92,279,0.33,666,1206,0.552,0.541,503,663,0.759,80,510,590,554,124,50,284,163,2111,4,"MVP-3,DPOY-9,AS,NBA1,DEF1"
Lebron James,2011-12,27,MIA,NBA,SF,62,62,2326,621,1169,0.531,54,149,0.362,567,1020,0.556,0.554,387,502,0.771,94,398,492,387,115,50,213,96,1683,0,"MVP-1,DPOY-4,AS,NBA1,DEF1"
Lebron James,2012-13,28,MIA,NBA,PF,76,76,2877,765,1354,0.565,103,254,0.406,662,1100,0.602,0.603,403,535,0.753,97,513,610,551,129,67,226,110,2036,4,"MVP-1,DPOY-2,AS,NBA1,DEF1"
Lebron James,2013-14,29,MIA,NBA,PF,77,77,2902,767,1353,0.567,116,306,0.379,651,1047,0.622,0.61,439,585,0.75,81,452,533,488,121,26,270,126,2089,1,"MVP-2,DPOY-6,AS,NBA1,DEF2"
Lebron James,2014-15,30,CLE,NBA,SF,69,69,2493,624,1279,0.488,120,339,0.354,504,940,0.536,0.535,375,528,0.71,51,365,416,511,109,49,272,135,1743,2,"MVP-3,DPOY-13,AS,NBA1"
Lebron James,2015-16,31,CLE,NBA,SF,76,76,2709,737,1416,0.52,87,282,0.309,650,1134,0.573,0.551,359,491,0.731,111,454,565,514,104,49,249,143,1920,3,"MVP-3,DPOY-11,AS,NBA1"
Lebron James,2016-17,32,CLE,NBA,SF,74,74,2794,736,1344,0.548,124,342,0.363,612,1002,0.611,0.594,358,531,0.674,97,542,639,646,92,44,303,134,1954,13,"MVP-4,DPOY-5,AS,NBA1"
Lebron James,2017-18,33,CLE,NBA,PF,82,82,3026,857,1580,0.542,149,406,0.367,708,1174,0.603,0.59,388,531,0.731,97,612,709,747,116,71,347,136,2251,18,"MVP-2,AS,NBA1"
Lebron James,2018-19,34,LAL,NBA,SF,55,55,1937,558,1095,0.51,111,327,0.339,447,768,0.582,0.56,278,418,0.665,57,408,465,454,72,33,197,94,1505,8,"MVP-11,AS,NBA3"
Lebron James,2019-20,35,LAL,NBA,PG,67,67,2316,643,1303,0.493,148,425,0.348,495,878,0.564,0.55,264,381,0.693,66,459,525,684,78,36,261,118,1698,13,"MVP-2,AS,NBA1"
Lebron James,2020-21,36,LAL,NBA,PG,45,45,1504,422,823,0.513,104,285,0.365,318,538,0.591,0.576,178,255,0.698,29,317,346,350,48,25,168,70,1126,5,"MVP-13,AS,NBA2"
Lebron James,2021-22,37,LAL,NBA,C,56,56,2084,640,1221,0.524,161,448,0.359,479,773,0.62,0.59,254,336,0.756,63,396,459,349,73,59,196,121,1695,6,"MVP-10,AS,NBA3"
Lebron James,2022-23,38,LAL,NBA,PF,55,54,1954,609,1219,0.5,121,377,0.321,488,842,0.58,0.549,251,327,0.768,65,392,457,375,50,32,178,88,1590,2,"AS,NBA3"
Lebron James,2023-24,39,LAL,NBA,PF,71,71,2504,685,1269,0.54,149,363,0.41,536,906,0.592,0.599,303,404,0.75,61,457,518,589,89,38,245,78,1822,5,"CPOY-10,AS,NBA3"
Lebron James,2024-25,40,LAL,NBA,SF,70,70,2444,651,1270,0.513,149,396,0.376,502,874,0.574,0.571,259,331,0.782,72,474,546,575,70,39,260,99,1710,10,"MVP-6,CPOY-7,AS,NBA2"
Lebron James,2025-26,41,LAL,NBA,SF,55,55,1844,431,842,0.512,70,223,0.314,361,619,0.583,0.553,209,281,0.744,43,288,331,386,61,33,163,77,1141,3,AS
Kevin Garnett,1995-96,19,MIN,NBA,SF,80,43,2293,361,735,0.491,8,28,0.286,353,707,0.499,0.497,105,149,0.705,175,326,501,145,86,131,110,189,835,0,ROY-6
Kevin Garnett,1996-97,20,MIN,NBA,SF,77,77,2995,549,1100,0.499,6,21,0.286,543,1079,0.503,0.502,205,272,0.754,190,428,618,236,105,163,175,199,1309,0,AS
Kevin Garnett,1997-98,21,MIN,NBA,PF,82,82,3222,635,1293,0.491,3,16,0.188,632,1277,0.495,0.492,245,332,0.738,222,564,786,348,139,150,192,224,1518,1,"DPOY-11,AS"
Kevin Garnett,1998-99,22,MIN,NBA,PF,47,47,1780,414,900,0.46,4,14,0.286,410,886,0.463,0.462,145,206,0.704,166,323,489,202,78,83,135,152,977,0,"MVP-10,DPOY-7,NBA3"
Kevin Garnett,1999-00,23,MIN,NBA,PF,81,81,3243,759,1526,0.497,30,81,0.37,729,1445,0.504,0.507,309,404,0.765,223,733,956,401,120,126,268,205,1857,1,"MVP-2,DPOY-7,AS,NBA1,DEF1"
Kevin Garnett,2000-01,24,MIN,NBA,PF,81,81,3202,704,1475,0.477,19,66,0.288,685,1409,0.486,0.484,357,467,0.764,219,702,921,401,111,145,230,204,1784,2,"MVP-5,DPOY-2,AS,NBA2,DEF1"
Kevin Garnett,2001-02,25,MIN,NBA,PF,81,81,3175,659,1401,0.47,37,116,0.319,622,1285,0.484,0.484,359,448,0.801,243,738,981,422,96,126,229,184,1714,0,"MVP-12,DPOY-2,AS,NBA2,DEF1"
Kevin Garnett,2002-03,26,MIN,NBA,PF,82,82,3321,743,1481,0.502,20,71,0.282,723,1410,0.513,0.508,377,502,0.751,244,858,1102,495,113,129,229,199,1883,6,"MVP-2,DPOY-3,AS,NBA1,DEF1"
Kevin Garnett,2003-04,27,MIN,NBA,PF,82,82,3231,804,1611,0.499,11,43,0.256,793,1568,0.506,0.502,368,465,0.791,245,894,1139,409,120,178,212,202,1987,2,"MVP-1,DPOY-6,AS,NBA1,DEF1"
Kevin Garnett,2004-05,28,MIN,NBA,PF,82,82,3121,683,1360,0.502,6,25,0.24,677,1335,0.507,0.504,445,549,0.811,247,861,1108,466,121,112,222,207,1817,1,"MVP-11,DPOY-9,AS,NBA2,DEF1"
Kevin Garnett,2005-06,29,MIN,NBA,PF,76,76,2957,626,1191,0.526,8,30,0.267,618,1161,0.532,0.529,396,489,0.81,214,752,966,308,104,107,180,206,1656,0,"DPOY-13,AS,DEF2"
Kevin Garnett,2006-07,30,MIN,NBA,PF,76,76,2995,638,1341,0.476,12,56,0.214,626,1285,0.487,0.48,416,498,0.835,183,792,975,313,89,126,205,184,1704,3,"MVP-9,DPOY-13,AS,NBA3,DEF2"
Kevin Garnett,2007-08,31,BOS,NBA,PF,71,71,2328,534,990,0.539,0,11,0,534,979,0.545,0.539,269,336,0.801,135,520,655,244,100,89,138,163,1337,0,"MVP-3,DPOY-1,AS,NBA1,DEF1"
Kevin Garnett,2008-09,32,BOS,NBA,PF,57,57,1772,393,740,0.531,2,8,0.25,391,732,0.534,0.532,111,132,0.841,78,407,485,144,63,68,90,128,899,0,"DPOY-8,AS,DEF1"
Kevin Garnett,2009-10,33,BOS,NBA,PF,69,69,2060,402,772,0.521,1,5,0.2,401,767,0.523,0.521,185,221,0.837,78,428,506,185,68,57,101,170,990,0,AS
Kevin Garnett,2010-11,34,BOS,NBA,PF,71,71,2220,434,822,0.528,1,5,0.2,433,817,0.53,0.529,187,217,0.862,83,548,631,171,95,57,115,148,1056,0,"DPOY-2,AS,DEF1"
Kevin Garnett,2011-12,35,BOS,NBA,C,60,60,1864,391,777,0.503,3,9,0.333,388,768,0.505,0.505,162,189,0.857,66,428,494,175,56,61,107,141,947,0,"DPOY-5,DEF2"
Kevin Garnett,2012-13,36,BOS,NBA,C,68,68,2022,422,850,0.496,2,16,0.125,420,834,0.504,0.498,158,201,0.786,75,455,530,159,78,62,110,154,1004,0,"MVP-12,AS"
Kevin Garnett,2013-14,37,BRK,NBA,C,54,54,1109,157,356,0.441,0,3,0,157,353,0.445,0.441,38,47,0.809,60,298,358,82,43,40,69,123,352,0,
Kevin Garnett,2014-15,38,2TM,NBA,PF,47,47,952,143,306,0.467,1,7,0.143,142,299,0.475,0.469,36,45,0.8,48,263,311,77,46,17,46,109,323,0,
Kevin Garnett,2014-15,38,BRK,NBA,PF,42,42,854,125,275,0.455,1,6,0.167,124,269,0.461,0.456,34,41,0.829,46,239,285,69,41,13,45,96,285,0,
Kevin Garnett,2014-15,38,MIN,NBA,PF,5,5,98,18,31,0.581,0,1,0,18,30,0.6,0.581,2,4,0.5,2,24,26,8,5,4,1,13,38,0,
Kevin Garnett,2015-16,39,MIN,NBA,PF,38,38,556,54,115,0.47,0,1,0,54,114,0.474,0.47,14,21,0.667,15,135,150,62,28,10,16,70,122,0,
Tim Duncan,1997-98,21,SAS,NBA,PF,82,82,3204,706,1287,0.549,0,10,0,706,1277,0.553,0.549,319,482,0.662,274,703,977,224,55,206,279,254,1731,0,"MVP-5,ROY-1,DPOY-5,AS,NBA1,DEF2"
Tim Duncan,1998-99,22,SAS,NBA,PF,50,50,1963,418,845,0.495,1,7,0.143,417,838,0.498,0.495,247,358,0.69,159,412,571,121,45,126,146,147,1084,0,"MVP-3,DPOY-5,NBA1,DEF1"
Tim Duncan,1999-00,23,SAS,NBA,PF,74,74,2875,628,1281,0.49,1,11,0.091,627,1270,0.494,0.491,459,603,0.761,262,656,918,234,66,165,242,210,1716,1,"MVP-5,AS,NBA1,DEF1"
Tim Duncan,2000-01,24,SAS,NBA,PF,82,82,3174,702,1406,0.499,7,27,0.259,695,1379,0.504,0.502,409,662,0.618,259,738,997,245,70,192,242,247,1820,0,"MVP-2,DPOY-3,AS,NBA1,DEF1"
Tim Duncan,2001-02,25,SAS,NBA,PF,82,82,3329,764,1504,0.508,1,10,0.1,763,1494,0.511,0.508,560,701,0.799,268,774,1042,307,61,203,263,217,2089,0,"MVP-1,AS,NBA1,DEF1"
Tim Duncan,2002-03,26,SAS,NBA,PF,81,81,3181,714,1392,0.513,6,22,0.273,708,1370,0.517,0.515,450,634,0.71,259,784,1043,316,55,237,248,231,1884,1,"MVP-1,DPOY-4,AS,NBA1,DEF1"
Tim Duncan,2003-04,27,SAS,NBA,PF,69,68,2527,592,1181,0.501,2,12,0.167,590,1169,0.505,0.502,352,588,0.599,227,632,859,213,62,185,183,164,1538,0,"MVP-2,DPOY-7,AS,NBA1,DEF2"
Tim Duncan,2004-05,28,SAS,NBA,PF,66,66,2203,517,1042,0.496,3,9,0.333,514,1033,0.498,0.498,305,455,0.67,202,530,732,179,45,174,127,144,1342,0,"MVP-4,DPOY-4,AS,NBA1,DEF1"
Tim Duncan,2005-06,29,SAS,NBA,PF,80,80,2784,574,1185,0.484,2,5,0.4,572,1180,0.485,0.485,335,533,0.629,231,650,881,253,70,162,198,219,1485,0,"MVP-8,DPOY-6,AS,NBA2,DEF2"
Tim Duncan,2006-07,30,SAS,NBA,C,80,80,2726,618,1131,0.546,1,9,0.111,617,1122,0.55,0.547,362,568,0.637,213,633,846,273,66,190,224,203,1599,0,"MVP-4,DPOY-3,AS,NBA1,DEF1"
Tim Duncan,2007-08,31,SAS,NBA,C,78,78,2651,585,1178,0.497,0,4,0,585,1174,0.498,0.497,338,463,0.73,237,644,881,218,56,152,178,185,1508,0,"MVP-7,DPOY-9,AS,NBA2,DEF1"
Tim Duncan,2008-09,32,SAS,NBA,C,75,75,2524,558,1107,0.504,0,2,0,558,1105,0.505,0.504,334,483,0.692,201,599,800,264,38,126,165,173,1450,0,"MVP-11,DPOY-11,AS,NBA2,DEF2"
Tim Duncan,2009-10,33,SAS,NBA,C,78,77,2438,561,1082,0.518,2,11,0.182,559,1071,0.522,0.519,271,374,0.725,221,567,788,246,45,117,140,152,1395,0,"DPOY-14,AS,NBA3,DEF2"
Tim Duncan,2010-11,34,SAS,NBA,C,76,76,2156,419,838,0.5,0,4,0,419,834,0.502,0.5,184,257,0.716,169,509,678,203,50,146,122,119,1022,1,"DPOY-17,AS"
Tim Duncan,2011-12,35,SAS,NBA,C,58,58,1634,361,733,0.492,0,4,0,361,729,0.495,0.492,173,249,0.695,110,410,520,132,38,88,97,98,895,0,MVP-14
Tim Duncan,2012-13,36,SAS,NBA,C,69,69,2078,490,976,0.502,2,7,0.286,488,969,0.504,0.503,245,300,0.817,124,562,686,184,50,183,147,117,1227,0,"MVP-7,DPOY-6,AS,NBA1,DEF2"
Tim Duncan,2013-14,37,SAS,NBA,C,74,74,2158,444,906,0.49,0,5,0,444,901,0.493,0.49,231,316,0.731,158,563,721,220,43,139,159,134,1119,0,"MVP-12,DPOY-13"
Tim Duncan,2014-15,38,SAS,NBA,C,77,77,2227,419,819,0.512,2,7,0.286,417,812,0.514,0.513,230,311,0.74,170,534,704,230,63,151,131,165,1070,1,"MVP-10,DPOY-8,AS,NBA3,DEF2"
Tim Duncan,2015-16,39,SAS,NBA,C,61,60,1536,215,441,0.488,0,2,0,215,439,0.49,0.488,92,131,0.702,115,332,447,163,47,78,90,125,522,0,
Shaquille O'Neal,1992-93,20,ORL,NBA,C,81,81,3071,733,1304,0.562,0,2,0,733,1302,0.563,0.562,427,721,0.592,342,780,1122,152,60,286,307,321,1893,0,"MVP-7,ROY-1,AS"
Shaquille O'Neal,1993-94,21,ORL,NBA,C,81,81,3224,953,1591,0.599,0,2,0,953,1589,0.6,0.599,471,850,0.554,384,688,1072,195,76,231,222,281,2377,1,"MVP-4,AS,NBA3"
Shaquille O'Neal,1994-95,22,ORL,NBA,C,79,79,2923,930,1594,0.583,0,5,0,930,1589,0.585,0.583,455,854,0.533,328,573,901,214,73,192,204,258,2315,0,"MVP-2,AS,NBA2"
Shaquille O'Neal,1995-96,23,ORL,NBA,C,54,52,1946,592,1033,0.573,1,2,0.5,591,1031,0.573,0.574,249,511,0.487,182,414,596,155,34,115,155,193,1434,0,"MVP-9,AS,NBA3"
Shaquille O'Neal,1996-97,24,LAL,NBA,C,51,51,1941,552,991,0.557,0,4,0,552,987,0.559,0.557,232,479,0.484,195,445,640,159,46,147,146,180,1336,0,"MVP-9,AS,NBA3"
Shaquille O'Neal,1997-98,25,LAL,NBA,C,60,57,2175,670,1147,0.584,0,0,,670,1147,0.584,0.584,359,681,0.527,208,473,681,142,39,144,175,193,1699,0,"MVP-4,AS,NBA1"
Shaquille O'Neal,1998-99,26,LAL,NBA,C,49,49,1705,510,885,0.576,0,1,0,510,884,0.577,0.576,269,498,0.54,187,338,525,114,36,82,122,155,1289,0,"MVP-6,NBA2"
Shaquille O'Neal,1999-00,27,LAL,NBA,C,79,79,3163,956,1665,0.574,0,1,0,956,1664,0.575,0.574,432,824,0.524,336,742,1078,299,36,239,223,255,2344,0,"MVP-1,DPOY-2,AS,NBA1,DEF2"
Shaquille O'Neal,2000-01,28,LAL,NBA,C,74,74,2924,813,1422,0.572,0,2,0,813,1420,0.573,0.572,499,972,0.513,291,649,940,277,47,204,218,256,2125,0,"MVP-3,DPOY-8,AS,NBA1,DEF2"
Shaquille O'Neal,2001-02,29,LAL,NBA,C,67,66,2422,712,1229,0.579,0,1,0,712,1228,0.58,0.579,398,717,0.555,235,480,715,200,41,137,171,199,1822,0,"MVP-3,AS,NBA1"
Shaquille O'Neal,2002-03,30,LAL,NBA,C,67,66,2535,695,1211,0.574,0,0,,695,1211,0.574,0.574,451,725,0.622,259,483,742,206,38,159,196,229,1841,0,"MVP-5,DPOY-13,AS,NBA1,DEF2"
Shaquille O'Neal,2003-04,31,LAL,NBA,C,67,67,2464,554,948,0.584,0,0,,554,948,0.584,0.584,331,676,0.49,246,523,769,196,34,166,195,225,1439,0,"MVP-6,DPOY-10,AS,NBA1"
Shaquille O'Neal,2004-05,32,MIA,NBA,C,73,73,2492,658,1095,0.601,0,0,,658,1095,0.601,0.601,353,765,0.461,253,507,760,200,36,171,203,262,1669,0,"MVP-2,DPOY-8,AS,NBA1"
Shaquille O'Neal,2005-06,33,MIA,NBA,C,59,58,1806,480,800,0.6,0,0,,480,800,0.6,0.6,221,471,0.469,172,369,541,113,23,104,168,230,1181,1,"AS,NBA1"
Shaquille O'Neal,2006-07,34,MIA,NBA,C,40,39,1135,283,479,0.591,0,0,,283,479,0.591,0.591,124,294,0.422,97,200,297,79,8,55,95,139,690,0,"MVP-12,AS"
Shaquille O'Neal,2007-08,35,2TM,NBA,C,61,61,1748,331,558,0.593,0,0,,331,558,0.593,0.593,170,338,0.503,166,388,554,93,32,88,181,228,832,0,
Shaquille O'Neal,2007-08,35,MIA,NBA,C,33,33,945,191,329,0.581,0,0,,191,329,0.581,0.581,88,178,0.494,99,159,258,45,19,54,98,134,470,0,
Shaquille O'Neal,2007-08,35,PHO,NBA,C,28,28,803,140,229,0.611,0,0,,140,229,0.611,0.611,82,160,0.513,67,229,296,48,13,34,83,94,362,0,
Shaquille O'Neal,2008-09,36,PHO,NBA,C,75,75,2252,512,841,0.609,0,1,0,512,840,0.61,0.609,309,519,0.595,187,446,633,126,49,108,168,253,1333,0,"AS,NBA3"
Shaquille O'Neal,2009-10,37,CLE,NBA,C,53,53,1240,262,463,0.566,0,1,0,262,462,0.567,0.566,112,226,0.496,93,262,355,80,15,62,105,169,636,0,
Shaquille O'Neal,2010-11,38,BOS,NBA,C,37,36,752,134,201,0.667,0,0,,134,201,0.667,0.667,73,131,0.557,48,130,178,26,16,42,56,120,341,0,
Pete Maravich,1970-71,23,ATL,NBA,SG,81,,2926,738,1613,0.458,,,,738,1613,0.458,0.458,404,505,0.8,,,298,355,,,,238,1880,0,ROY-3
Pete Maravich,1971-72,24,ATL,NBA,SG,66,,2302,460,1077,0.427,,,,460,1077,0.427,0.427,355,438,0.811,,,256,393,,,,207,1275,0,MVP-21
Pete Maravich,1972-73,25,ATL,NBA,SG,79,,3089,789,1788,0.441,,,,789,1788,0.441,0.441,485,606,0.8,,,346,546,,,,245,2063,0,"MVP-19,AS,NBA2"
Pete Maravich,1973-74,26,ATL,NBA,SG,76,,2903,819,1791,0.457,,,,819,1791,0.457,0.457,469,568,0.826,98,276,374,396,111,13,,261,2107,0,"MVP-17,AS"
Pete Maravich,1974-75,27,NOJ,NBA,SG,79,,2853,655,1562,0.419,,,,655,1562,0.419,0.419,390,481,0.811,93,329,422,488,120,18,,227,1700,5,
Pete Maravich,1975-76,28,NOJ,NBA,SG,62,,2373,604,1316,0.459,,,,604,1316,0.459,0.459,396,488,0.811,46,254,300,332,87,23,,197,1604,1,"MVP-15,NBA1"
Pete Maravich,1976-77,29,NOJ,NBA,SG,73,,3041,886,2047,0.433,,,,886,2047,0.433,0.433,501,600,0.835,90,284,374,392,84,22,,191,2273,1,"MVP-3,AS,NBA1"
Pete Maravich,1977-78,30,NOJ,NBA,SG,50,,2041,556,1253,0.444,,,,556,1253,0.444,0.444,240,276,0.87,49,129,178,335,101,8,248,116,1352,0,"AS,NBA2"
Pete Maravich,1978-79,31,NOJ,NBA,SG,49,,1824,436,1035,0.421,,,,436,1035,0.421,0.421,233,277,0.841,33,88,121,243,60,18,200,104,1105,0,AS
Pete Maravich,1979-80,32,2TM,NBA,SG,43,4,964,244,543,0.449,10,15,0.667,234,528,0.443,0.459,91,105,0.867,17,61,78,83,24,6,82,79,589,0,
Pete Maravich,1979-80,32,UTA,NBA,SG,17,,522,121,294,0.412,7,11,0.636,114,283,0.403,0.423,41,50,0.82,7,33,40,54,15,4,45,30,290,0,
Pete Maravich,1979-80,32,BOS,NBA,SG,26,4,442,123,249,0.494,3,4,0.75,120,245,0.49,0.5,50,55,0.909,10,28,38,29,9,2,37,49,299,0,
Michael Jordan,1984-85,21,CHI,NBA,SG,82,82,3144,837,1625,0.515,9,52,0.173,828,1573,0.526,0.518,630,746,0.845,167,367,534,481,196,69,291,285,2313,3,"MVP-6,ROY-1,AS,NBA2"
Michael Jordan,1985-86,22,CHI,NBA,SG,18,7,451,150,328,0.457,3,18,0.167,147,310,0.474,0.462,105,125,0.84,23,41,64,53,37,21,45,46,408,0,AS
Michael Jordan,1986-87,23,CHI,NBA,SG,82,82,3281,1098,2279,0.482,12,66,0.182,1086,2213,0.491,0.484,833,972,0.857,166,264,430,377,236,125,272,237,3041,0,"MVP-2,DPOY-8,AS,NBA1"
Michael Jordan,1987-88,24,CHI,NBA,SG,82,82,3311,1069,1998,0.535,7,53,0.132,1062,1945,0.546,0.537,723,860,0.841,139,310,449,485,259,131,252,270,2868,2,"MVP-1,DPOY-1,AS,NBA1,DEF1"
Michael Jordan,1988-89,25,CHI,NBA,SG,81,81,3255,966,1795,0.538,27,98,0.276,939,1697,0.553,0.546,674,793,0.85,149,503,652,650,234,65,290,247,2633,15,"MVP-2,DPOY-5,AS,NBA1,DEF1"
Michael Jordan,1989-90,26,CHI,NBA,SG,82,82,3197,1034,1964,0.526,92,245,0.376,942,1719,0.548,0.55,593,699,0.848,143,422,565,519,227,54,247,241,2753,1,"MVP-3,DPOY-5,AS,NBA1,DEF1"
Michael Jordan,1990-91,27,CHI,NBA,SG,82,82,3034,990,1837,0.539,29,93,0.312,961,1744,0.551,0.547,571,671,0.851,118,374,492,453,223,83,202,229,2580,0,"MVP-1,DPOY-7,AS,NBA1,DEF1"
Michael Jordan,1991-92,28,CHI,NBA,SG,80,80,3102,943,1818,0.519,27,100,0.27,916,1718,0.533,0.526,491,590,0.832,91,420,511,489,182,75,200,201,2404,2,"MVP-1,DPOY-3,AS,NBA1,DEF1"
Michael Jordan,1992-93,29,CHI,NBA,SG,78,78,3067,992,2003,0.495,81,230,0.352,911,1773,0.514,0.515,476,569,0.837,135,387,522,428,221,61,207,188,2541,4,"MVP-3,DPOY-2,AS,NBA1,DEF1"
Michael Jordan,1994-95,31,CHI,NBA,SG,17,17,668,166,404,0.411,16,32,0.5,150,372,0.403,0.431,109,136,0.801,25,92,117,90,30,13,35,47,457,0,MVP-11
Michael Jordan,1995-96,32,CHI,NBA,SG,82,82,3090,916,1850,0.495,111,260,0.427,805,1590,0.506,0.525,548,657,0.834,148,395,543,352,180,42,197,195,2491,0,"MVP-1,DPOY-6,AS,NBA1,DEF1"
Michael Jordan,1996-97,33,CHI,NBA,SG,82,82,3106,920,1892,0.486,111,297,0.374,809,1595,0.507,0.516,480,576,0.833,113,369,482,352,140,44,166,156,2431,1,"MVP-2,DPOY-5,AS,NBA1,DEF1"
Michael Jordan,1997-98,34,CHI,NBA,SG,82,82,3181,881,1893,0.465,30,126,0.238,851,1767,0.482,0.473,565,721,0.784,130,345,475,283,141,45,185,151,2357,0,"MVP-1,DPOY-4,AS,NBA1,DEF1"
Michael Jordan,2001-02,38,WAS,NBA,SF,60,53,2093,551,1324,0.416,10,53,0.189,541,1271,0.426,0.42,263,333,0.79,50,289,339,310,85,26,162,119,1375,0,"MVP-13,AS"
Michael Jordan,2002-03,39,WAS,NBA,SF,82,67,3031,679,1527,0.445,16,55,0.291,663,1472,0.45,0.45,266,324,0.821,71,426,497,311,123,39,173,171,1640,0,AS
George Gervin,1972-73,20,VIR,ABA,SG,30,,689,161,341,0.472,6,26,0.231,155,315,0.492,0.481,96,118,0.814,34,94,128,34,,,54,72,424,,ROY-3
George Gervin,1973-74,21,2TM,ABA,SF,74,,2511,672,1426,0.471,8,56,0.143,664,1370,0.485,0.474,378,464,0.815,170,454,624,142,101,120,252,264,1730,,AS
George Gervin,1973-74,21,VIR,ABA,SG,49,,1728,487,1031,0.472,8,50,0.16,479,981,0.488,0.476,262,328,0.799,108,310,418,97,75,86,188,166,1244,,
George Gervin,1973-74,21,SAA,ABA,SF,25,,783,185,395,0.468,0,6,0,185,389,0.476,0.468,116,136,0.853,62,144,206,45,26,34,64,98,486,,
George Gervin,1974-75,22,SAA,ABA,SF,84,,3113,784,1655,0.474,17,55,0.309,767,1600,0.479,0.479,380,458,0.83,247,450,697,207,131,138,249,295,1965,,AS
George Gervin,1975-76,23,SAA,ABA,SF,81,,2748,706,1414,0.499,14,55,0.255,692,1359,0.509,0.504,342,399,0.857,179,367,546,201,110,119,217,288,1768,,AS
George Gervin,1976-77,24,SAS,NBA,SF,82,82,2705,726,1335,0.544,,,,726,1335,0.544,0.544,443,532,0.833,134,320,454,238,105,104,,286,1895,0,"MVP-11,AS,NBA2"
George Gervin,1977-78,25,SAS,NBA,SG,82,82,2857,864,1611,0.536,,,,864,1611,0.536,0.536,504,607,0.83,118,302,420,302,136,110,306,255,2232,0,"MVP-2,AS,NBA1"
George Gervin,1978-79,26,SAS,NBA,SF,80,,2888,947,1749,0.541,,,,947,1749,0.541,0.541,471,570,0.826,142,258,400,219,137,91,286,275,2365,0,"MVP-2,AS,NBA1"
George Gervin,1979-80,27,SAS,NBA,SG,78,,2934,1024,1940,0.528,32,102,0.314,992,1838,0.54,0.536,505,593,0.852,154,249,403,202,110,79,254,208,2585,0,"MVP-3,AS,NBA1"
George Gervin,1980-81,28,SAS,NBA,SG,82,82,2765,850,1729,0.492,9,35,0.257,841,1694,0.496,0.494,512,620,0.826,126,293,419,260,94,56,251,212,2221,0,"MVP-5,AS,NBA1"
George Gervin,1981-82,29,SAS,NBA,SG,79,79,2817,993,1987,0.5,10,36,0.278,983,1951,0.504,0.502,555,642,0.864,138,254,392,187,77,45,210,215,2551,0,"MVP-6,AS,NBA1"
George Gervin,1982-83,30,SAS,NBA,SG,78,78,2830,757,1553,0.487,12,33,0.364,745,1520,0.49,0.491,517,606,0.853,111,246,357,264,88,67,247,243,2043,0,"MVP-9,AS,NBA2"
George Gervin,1983-84,31,SAS,NBA,SG,76,76,2584,765,1561,0.49,10,24,0.417,755,1537,0.491,0.493,427,507,0.842,106,207,313,220,79,47,224,219,1967,0,AS
George Gervin,1984-85,32,SAS,NBA,SG,72,69,2091,600,1182,0.508,0,10,0,600,1172,0.512,0.508,324,384,0.844,79,155,234,178,66,48,198,208,1524,0,AS
George Gervin,1985-86,33,CHI,NBA,SG,82,75,2065,519,1100,0.472,4,19,0.211,515,1081,0.476,0.474,283,322,0.879,78,137,215,144,49,23,161,210,1325,0,
Gary Payton,1990-91,22,SEA,NBA,PG,82,82,2244,259,575,0.45,1,13,0.077,258,562,0.459,0.451,69,97,0.711,108,135,243,528,165,15,180,249,588,1,
Gary Payton,1991-92,23,SEA,NBA,PG,81,79,2549,331,734,0.451,3,23,0.13,328,711,0.461,0.453,99,148,0.669,123,172,295,506,147,21,174,248,764,2,
Gary Payton,1992-93,24,SEA,NBA,PG,82,78,2548,476,963,0.494,7,34,0.206,469,929,0.505,0.498,151,196,0.77,95,186,281,399,177,21,148,250,1110,0,
Gary Payton,1993-94,25,SEA,NBA,PG,82,82,2881,584,1159,0.504,15,54,0.278,569,1105,0.515,0.51,166,279,0.595,105,164,269,494,188,19,173,227,1349,0,"MVP-6,DPOY-5,AS,NBA3,DEF1"
Gary Payton,1994-95,26,SEA,NBA,PG,82,82,3015,685,1345,0.509,70,232,0.302,615,1113,0.553,0.535,249,348,0.716,108,173,281,583,204,13,201,206,1689,0,"MVP-9,DPOY-6,AS,NBA2,DEF1"
Gary Payton,1995-96,27,SEA,NBA,PG,81,81,3162,618,1276,0.484,98,299,0.328,520,977,0.532,0.523,229,306,0.748,104,235,339,608,231,19,260,221,1563,1,"MVP-6,DPOY-1,AS,NBA2,DEF1"
Gary Payton,1996-97,28,SEA,NBA,PG,82,82,3213,706,1482,0.476,119,380,0.313,587,1102,0.533,0.517,254,355,0.715,106,272,378,583,197,13,215,208,1785,2,"MVP-6,DPOY-2,AS,NBA2,DEF1"
Gary Payton,1997-98,29,SEA,NBA,PG,82,82,3145,579,1278,0.453,134,397,0.338,445,881,0.505,0.505,279,375,0.744,77,299,376,679,185,18,229,195,1571,1,"MVP-3,DPOY-2,AS,NBA1,DEF1"
Gary Payton,1998-99,30,SEA,NBA,PG,50,50,2008,401,923,0.434,83,281,0.295,318,642,0.495,0.479,199,276,0.721,62,182,244,436,109,12,154,115,1084,1,"MVP-9,DPOY-3,NBA2,DEF1"
Gary Payton,1999-00,31,SEA,NBA,PG,82,82,3425,747,1666,0.448,177,520,0.34,570,1146,0.497,0.502,311,423,0.735,100,429,529,732,153,18,224,178,1982,2,"MVP-6,DPOY-5,AS,NBA1,DEF1"
Gary Payton,2000-01,32,SEA,NBA,PG,79,79,3244,725,1591,0.456,102,272,0.375,623,1319,0.472,0.488,271,354,0.766,73,288,361,642,127,26,209,184,1823,2,"AS,NBA3,DEF1"
Gary Payton,2001-02,33,SEA,NBA,PG,82,82,3301,737,1578,0.467,74,236,0.314,663,1342,0.494,0.49,267,335,0.797,80,316,396,737,131,26,209,179,1815,2,"MVP-6,AS,NBA2,DEF1"
Gary Payton,2002-03,34,2TM,NBA,PG,80,80,3208,665,1466,0.454,54,182,0.297,611,1284,0.476,0.472,250,352,0.71,79,255,334,663,133,20,187,181,1634,0,"DPOY-11,AS"
Gary Payton,2002-03,34,SEA,NBA,PG,52,52,2123,444,992,0.448,34,114,0.298,410,878,0.467,0.465,162,234,0.692,56,192,248,457,93,12,131,117,1084,0,
Gary Payton,2002-03,34,MIL,NBA,PG,28,28,1085,221,474,0.466,20,68,0.294,201,406,0.495,0.487,88,118,0.746,23,63,86,206,40,8,56,64,550,0,
Gary Payton,2003-04,35,LAL,NBA,PG,82,82,2825,482,1024,0.471,55,165,0.333,427,859,0.497,0.498,180,252,0.714,72,270,342,449,96,19,151,169,1199,1,
Gary Payton,2004-05,36,BOS,NBA,PG,77,77,2541,339,725,0.468,42,129,0.326,297,596,0.498,0.497,153,201,0.761,48,188,236,469,88,12,148,121,873,0,
Gary Payton,2005-06,37,MIA,NBA,PG,81,25,2305,230,547,0.42,66,230,0.287,164,317,0.517,0.481,100,126,0.794,34,199,233,257,71,10,102,169,626,0,
Gary Payton,2006-07,38,MIA,NBA,PG,68,28,1503,144,366,0.393,32,123,0.26,112,243,0.461,0.437,38,57,0.667,18,114,132,201,43,3,66,117,358,0,
Ben Wallace,1996-97,22,WSB,NBA,PF,34,0,197,16,46,0.348,0,0,,16,46,0.348,0.348,6,20,0.3,25,33,58,2,8,11,18,27,38,0,
Ben Wallace,1997-98,23,WAS,NBA,C,67,16,1124,85,164,0.518,0,0,,85,164,0.518,0.518,35,98,0.357,112,212,324,18,61,72,28,116,205,0,
Ben Wallace,1998-99,24,WAS,NBA,C,46,16,1231,115,199,0.578,0,0,,115,199,0.578,0.578,47,132,0.356,137,247,384,18,50,90,36,111,277,0,
Ben Wallace,1999-00,25,ORL,NBA,PF,81,81,1959,168,334,0.503,0,0,,168,334,0.503,0.503,54,114,0.474,211,454,665,67,72,130,67,162,390,0,
Ben Wallace,2000-01,26,DET,NBA,C,80,80,2760,215,439,0.49,1,4,0.25,214,435,0.492,0.491,80,238,0.336,303,749,1052,123,107,186,117,192,511,0,DPOY-5
Ben Wallace,2001-02,27,DET,NBA,C,80,80,2921,255,480,0.531,0,3,0,255,477,0.535,0.531,99,234,0.423,318,721,1039,115,138,278,70,178,609,1,"MVP-10,DPOY-1,NBA3,DEF1"
Ben Wallace,2002-03,28,DET,NBA,C,73,73,2873,210,437,0.481,1,6,0.167,209,431,0.485,0.482,85,189,0.45,293,833,1126,120,104,230,88,179,506,1,"MVP-8,DPOY-1,AS,NBA2,DEF1"
Ben Wallace,2003-04,29,DET,NBA,C,81,81,3050,315,748,0.421,1,8,0.125,314,740,0.424,0.422,142,290,0.49,324,682,1006,138,143,246,123,162,773,0,"MVP-7,DPOY-2,AS,NBA2,DEF1"
Ben Wallace,2004-05,30,DET,NBA,C,74,74,2671,295,651,0.453,1,9,0.111,294,642,0.458,0.454,130,304,0.428,292,610,902,123,106,176,82,159,721,0,"DPOY-1,AS,NBA3,DEF1"
Ben Wallace,2005-06,31,DET,NBA,C,82,82,2890,237,465,0.51,0,4,0,237,461,0.514,0.51,123,296,0.416,301,622,923,158,146,181,88,164,597,0,"DPOY-1,AS,NBA2,DEF1"
Ben Wallace,2006-07,32,CHI,NBA,C,77,77,2697,192,424,0.453,1,5,0.2,191,419,0.456,0.454,109,267,0.408,303,518,821,186,111,156,101,153,494,0,"DPOY-6,DEF2"
Ben Wallace,2007-08,33,2TM,NBA,C,72,72,2205,138,352,0.392,0,4,0,138,348,0.397,0.392,72,169,0.426,234,370,604,105,88,117,67,121,348,0,
Ben Wallace,2007-08,33,CHI,NBA,C,50,50,1627,101,271,0.373,0,4,0,101,267,0.378,0.373,53,125,0.424,175,266,441,92,69,80,49,86,255,0,
Ben Wallace,2007-08,33,CLE,NBA,PF,22,22,578,37,81,0.457,0,0,,37,81,0.457,0.457,19,44,0.432,59,104,163,13,19,37,18,35,93,0,
Ben Wallace,2008-09,34,CLE,NBA,PF,56,53,1314,69,155,0.445,0,0,,69,155,0.445,0.445,27,64,0.422,136,226,362,44,48,75,34,82,165,0,
Ben Wallace,2009-10,35,DET,NBA,C,69,67,1975,158,292,0.541,0,2,0,158,290,0.545,0.541,65,160,0.406,245,352,597,105,86,84,64,131,381,0,DPOY-17
Ben Wallace,2010-11,36,DET,NBA,C,54,49,1238,67,149,0.45,1,2,0.5,66,147,0.449,0.453,19,57,0.333,129,221,350,72,54,54,44,81,154,0,
Ben Wallace,2011-12,37,DET,NBA,C,62,11,980,34,86,0.395,1,4,0.25,33,82,0.402,0.401,16,47,0.34,81,188,269,43,47,51,34,60,85,0,
Larry Bird,1979-80,23,BOS,NBA,PF,82,82,2955,693,1463,0.474,58,143,0.406,635,1320,0.481,0.494,301,360,0.836,216,636,852,370,143,53,263,279,1745,1,"MVP-4,ROY-1,AS,NBA1"
Larry Bird,1980-81,24,BOS,NBA,PF,82,82,3239,719,1503,0.478,20,74,0.27,699,1429,0.489,0.485,283,328,0.863,191,704,895,451,161,63,289,239,1741,5,"MVP-2,AS,NBA1"
Larry Bird,1981-82,25,BOS,NBA,PF,77,58,2923,711,1414,0.503,11,52,0.212,700,1362,0.514,0.507,328,380,0.863,200,637,837,447,143,66,254,244,1761,3,"MVP-2,AS,NBA1,DEF2"
Larry Bird,1982-83,26,BOS,NBA,PF,79,79,2982,747,1481,0.504,22,77,0.286,725,1404,0.516,0.512,351,418,0.84,193,677,870,458,148,71,240,197,1867,4,"MVP-2,DPOY-3,AS,NBA1,DEF2"
Larry Bird,1983-84,27,BOS,NBA,PF,79,77,3028,758,1542,0.492,18,73,0.247,740,1469,0.504,0.497,374,421,0.888,181,615,796,520,144,69,237,197,1908,7,"MVP-1,DPOY-12,AS,NBA1,DEF2"
Larry Bird,1984-85,28,BOS,NBA,SF,80,77,3161,918,1760,0.522,56,131,0.427,862,1629,0.529,0.538,403,457,0.882,164,678,842,531,129,98,248,208,2295,8,"MVP-1,AS,NBA1"
Larry Bird,1985-86,29,BOS,NBA,SF,82,81,3113,796,1606,0.496,82,194,0.423,714,1412,0.506,0.521,441,492,0.896,190,615,805,557,166,51,266,182,2115,10,"MVP-1,AS,NBA1"
Larry Bird,1986-87,30,BOS,NBA,SF,74,73,3005,786,1497,0.525,90,225,0.4,696,1272,0.547,0.555,414,455,0.91,124,558,682,566,135,70,240,185,2076,5,"MVP-3,AS,NBA1"
Larry Bird,1987-88,31,BOS,NBA,SF,76,75,2965,881,1672,0.527,98,237,0.414,783,1435,0.546,0.556,415,453,0.916,108,595,703,467,125,57,213,157,2275,2,"MVP-2,AS,NBA1"
Larry Bird,1988-89,32,BOS,NBA,SF,6,6,189,49,104,0.471,0,0,,49,104,0.471,0.471,18,19,0.947,1,36,37,29,6,5,11,18,116,0,
Larry Bird,1989-90,33,BOS,NBA,SF,75,75,2944,718,1517,0.473,65,195,0.333,653,1322,0.494,0.495,319,343,0.93,90,622,712,562,106,61,243,173,1820,10,"MVP-10,AS,NBA2"
Larry Bird,1990-91,34,BOS,NBA,SF,60,60,2277,462,1017,0.454,77,198,0.389,385,819,0.47,0.492,163,183,0.891,53,456,509,431,108,58,187,118,1164,3,"MVP-9,AS"
Larry Bird,1991-92,35,BOS,NBA,SF,45,45,1662,353,758,0.466,52,128,0.406,301,630,0.478,0.5,150,162,0.926,46,388,434,306,42,33,125,82,908,1,"MVP-14,AS"
Magic Johnson,1979-80,20,LAL,NBA,SG,77,,2795,503,949,0.53,7,31,0.226,496,918,0.54,0.534,374,462,0.81,166,430,596,563,187,41,305,218,1387,7,"ROY-2,AS"
Magic Johnson,1980-81,21,LAL,NBA,SG,37,,1371,312,587,0.532,3,17,0.176,309,570,0.542,0.534,171,225,0.76,101,219,320,317,127,27,143,100,798,6,MVP-11
Magic Johnson,1981-82,22,LAL,NBA,SG,78,77,2991,556,1036,0.537,6,29,0.207,550,1007,0.546,0.54,329,433,0.76,252,499,751,743,208,34,286,223,1447,18,"MVP-8,AS,NBA2"
Magic Johnson,1982-83,23,LAL,NBA,SG,79,79,2907,511,933,0.548,0,21,0,511,912,0.56,0.548,304,380,0.8,214,469,683,829,176,47,301,200,1326,16,"MVP-3,AS,NBA1"
Magic Johnson,1983-84,24,LAL,NBA,PG,67,66,2567,441,780,0.565,6,29,0.207,435,751,0.579,0.569,290,358,0.81,99,392,491,875,150,49,306,169,1178,12,"MVP-3,DPOY-12,AS,NBA1"
Magic Johnson,1984-85,25,LAL,NBA,PG,77,77,2781,504,899,0.561,7,37,0.189,497,862,0.577,0.565,391,464,0.843,90,386,476,968,113,25,305,155,1406,11,"MVP-2,AS,NBA1"
Magic Johnson,1985-86,26,LAL,NBA,PG,72,70,2578,483,918,0.526,10,43,0.233,473,875,0.541,0.532,378,434,0.871,85,341,426,907,113,16,273,133,1354,3,"MVP-3,AS,NBA1"
Magic Johnson,1986-87,27,LAL,NBA,PG,80,80,2904,683,1308,0.522,8,39,0.205,675,1269,0.532,0.525,535,631,0.848,122,382,504,977,138,36,300,168,1909,11,"MVP-1,AS,NBA1"
Magic Johnson,1987-88,28,LAL,NBA,PG,72,70,2637,490,996,0.492,11,56,0.196,479,940,0.51,0.497,417,489,0.853,88,361,449,858,114,13,269,147,1408,12,"MVP-3,AS,NBA1"
Magic Johnson,1988-89,29,LAL,NBA,PG,77,77,2886,579,1137,0.509,59,188,0.314,520,949,0.548,0.535,513,563,0.911,111,496,607,988,138,22,312,172,1730,17,"MVP-1,AS,NBA1"
Magic Johnson,1989-90,30,LAL,NBA,PG,79,79,2937,546,1138,0.48,106,276,0.384,440,862,0.51,0.526,567,637,0.89,128,394,522,907,132,34,289,167,1765,11,"MVP-1,AS,NBA1"
Magic Johnson,1990-91,31,LAL,NBA,PG,79,79,2933,466,976,0.477,80,250,0.32,386,726,0.532,0.518,519,573,0.906,105,446,551,989,102,17,314,150,1531,13,"MVP-2,AS,NBA1"
James Harden,2009-10,20,OKC,NBA,SG,76,0,1738,233,578,0.403,93,248,0.375,140,330,0.424,0.484,194,240,0.808,47,197,244,137,80,20,106,200,753,0,
James Harden,2010-11,21,OKC,NBA,SG,82,5,2189,298,684,0.436,113,324,0.349,185,360,0.514,0.518,289,343,0.843,42,213,255,176,92,24,106,207,998,0,6MOY-7
James Harden,2011-12,22,OKC,NBA,SG,62,2,1946,309,629,0.491,114,292,0.39,195,337,0.579,0.582,312,369,0.846,30,222,252,229,62,15,137,150,1044,0,6MOY-1
James Harden,2012-13,23,HOU,NBA,SG,78,78,2985,585,1337,0.438,179,486,0.368,406,851,0.477,0.504,674,792,0.851,62,317,379,455,142,38,295,178,2023,1,"MVP-8,AS,NBA3"
James Harden,2013-14,24,HOU,NBA,SG,73,73,2777,549,1205,0.456,177,483,0.366,372,722,0.515,0.529,576,665,0.866,61,283,344,446,115,29,265,177,1851,1,"MVP-5,AS,NBA1"
James Harden,2014-15,25,HOU,NBA,SG,81,81,2981,647,1470,0.44,208,555,0.375,439,915,0.48,0.511,715,824,0.868,75,384,459,565,154,60,321,208,2217,4,"MVP-2,AS,NBA1"
James Harden,2015-16,26,HOU,NBA,SG,82,82,3125,710,1617,0.439,236,657,0.359,474,960,0.494,0.512,720,837,0.86,63,438,501,612,139,51,374,229,2376,3,"MVP-9,AS"
James Harden,2016-17,27,HOU,NBA,PG,81,81,2947,674,1533,0.44,262,756,0.347,412,777,0.53,0.525,746,881,0.847,95,564,659,907,121,38,464,215,2356,22,"MVP-2,AS,NBA1"
James Harden,2017-18,28,HOU,NBA,SG,72,72,2551,651,1449,0.449,265,722,0.367,386,727,0.531,0.541,624,727,0.858,41,348,389,630,126,50,315,169,2191,4,"MVP-1,AS,NBA1"
James Harden,2018-19,29,HOU,NBA,PG,78,78,2867,843,1909,0.442,378,1028,0.368,465,881,0.528,0.541,754,858,0.879,66,452,518,586,158,58,387,244,2818,7,"MVP-2,AS,NBA1"
James Harden,2019-20,30,HOU,NBA,SG,68,68,2483,672,1514,0.444,299,843,0.355,373,671,0.556,0.543,692,800,0.865,70,376,446,512,125,60,308,227,2335,4,"MVP-3,AS,NBA1"
James Harden,2020-21,31,2TM,NBA,PG,44,43,1609,342,734,0.466,121,334,0.362,221,400,0.553,0.548,278,323,0.861,35,313,348,475,53,33,177,99,1083,12,"MVP-13,AS"
James Harden,2020-21,31,HOU,NBA,PG,8,8,290,60,135,0.444,25,72,0.347,35,63,0.556,0.537,53,60,0.883,5,36,41,83,7,6,34,14,198,0,
James Harden,2020-21,31,BRK,NBA,PG,36,35,1319,282,599,0.471,96,262,0.366,186,337,0.552,0.551,225,263,0.856,30,277,307,392,46,27,143,85,885,12,
James Harden,2021-22,32,2TM,NBA,PG,65,65,2419,407,992,0.41,148,448,0.33,259,544,0.476,0.485,470,536,0.877,55,445,500,667,82,36,284,153,1432,11,AS
James Harden,2021-22,32,BRK,NBA,PG,44,44,1627,292,706,0.414,102,307,0.332,190,399,0.476,0.486,304,350,0.869,42,309,351,447,56,31,212,105,990,9,
James Harden,2021-22,32,PHI,NBA,PG,21,21,792,115,286,0.402,46,141,0.326,69,145,0.476,0.483,166,186,0.892,13,136,149,220,26,5,72,48,442,2,
James Harden,2022-23,33,PHI,NBA,PG,58,58,2135,371,842,0.441,161,418,0.385,210,424,0.495,0.536,313,361,0.867,40,314,354,618,71,31,195,112,1216,5,
James Harden,2023-24,34,LAC,NBA,PG,72,72,2470,352,822,0.428,186,488,0.381,166,334,0.497,0.541,302,344,0.878,34,335,369,614,77,57,185,127,1192,3,
James Harden,2024-25,35,LAC,NBA,PG,79,79,2789,531,1295,0.41,235,668,0.352,296,627,0.472,0.501,505,578,0.874,55,401,456,687,118,55,341,162,1802,3,"MVP-10,AS,NBA3"
James Harden,2025-26,36,2TM,NBA,PG,66,66,2308,460,1059,0.434,201,540,0.372,259,519,0.499,0.529,443,503,0.881,39,286,325,536,74,27,232,130,1564,2,
James Harden,2025-26,36,LAC,NBA,PG,44,44,1559,323,771,0.419,135,389,0.347,188,382,0.492,0.506,337,374,0.901,27,185,212,358,57,16,162,83,1118,2,
James Harden,2025-26,36,CLE,NBA,PG,22,22,749,137,288,0.476,66,151,0.437,71,137,0.518,0.59,106,129,0.822,12,101,113,178,17,11,70,47,446,0,
Steph Curry,2009-10,21,GSW,NBA,PG,80,77,2896,528,1143,0.462,166,380,0.437,362,763,0.474,0.535,177,200,0.885,48,308,356,472,152,19,243,252,1399,1,ROY-2
Steph Curry,2010-11,22,GSW,NBA,PG,74,74,2489,505,1053,0.48,151,342,0.442,354,711,0.498,0.551,212,227,0.934,52,234,286,432,109,20,226,233,1373,0,
Steph Curry,2011-12,23,GSW,NBA,PG,26,23,732,145,296,0.49,55,121,0.455,90,175,0.514,0.583,38,47,0.809,15,73,88,138,39,8,65,62,383,0,
Steph Curry,2012-13,24,GSW,NBA,PG,78,78,2983,626,1388,0.451,272,600,0.453,354,788,0.449,0.549,262,291,0.9,59,255,314,539,126,12,240,198,1786,0,MVP-11
Steph Curry,2013-14,25,GSW,NBA,PG,78,78,2846,652,1383,0.471,261,615,0.424,391,768,0.509,0.566,308,348,0.885,46,288,334,666,128,14,294,194,1873,4,"MVP-6,AS,NBA2"
Steph Curry,2014-15,26,GSW,NBA,PG,80,80,2613,653,1341,0.487,286,646,0.443,367,695,0.528,0.594,308,337,0.914,56,285,341,619,163,16,249,158,1900,0,"MVP-1,AS,NBA1"
Steph Curry,2015-16,27,GSW,NBA,PG,79,79,2700,805,1598,0.504,402,886,0.454,403,712,0.566,0.63,363,400,0.908,68,362,430,527,169,15,262,161,2375,2,"MVP-1,AS,NBA1"
Steph Curry,2016-17,28,GSW,NBA,PG,79,79,2638,675,1443,0.468,324,789,0.411,351,654,0.537,0.58,325,362,0.898,61,292,353,524,142,17,239,183,1999,0,"MVP-6,AS,NBA2"
Steph Curry,2017-18,29,GSW,NBA,PG,51,51,1631,428,864,0.495,212,501,0.423,216,363,0.595,0.618,278,302,0.921,36,225,261,310,80,8,153,114,1346,0,"MVP-10,AS,NBA3"
Steph Curry,2018-19,30,GSW,NBA,PG,69,69,2331,632,1340,0.472,354,810,0.437,278,530,0.525,0.604,263,287,0.916,45,324,369,361,92,25,192,166,1881,0,"MVP-5,AS,NBA1"
Steph Curry,2019-20,31,GSW,NBA,PG,5,5,139,33,82,0.402,12,49,0.245,21,33,0.636,0.476,26,26,1,4,22,26,33,5,2,16,11,104,0,
Steph Curry,2020-21,32,GSW,NBA,PG,63,63,2152,658,1365,0.482,337,801,0.421,321,564,0.569,0.605,362,395,0.916,29,316,345,363,77,8,213,119,2015,0,"MVP-3,AS,NBA1"
Steph Curry,2021-22,33,GSW,NBA,PG,64,64,2211,535,1224,0.437,285,750,0.38,250,474,0.527,0.554,275,298,0.923,34,301,335,404,85,23,206,130,1630,2,"MVP-8,AS,NBA2"
Steph Curry,2022-23,34,GSW,NBA,PG,56,56,1941,559,1133,0.493,273,639,0.427,286,494,0.579,0.614,257,281,0.915,39,302,341,352,52,20,179,117,1648,1,"MVP-9,CPOY-9,AS,NBA2"
Steph Curry,2023-24,35,GSW,NBA,PG,74,74,2421,650,1445,0.45,357,876,0.408,293,569,0.515,0.573,299,324,0.923,37,293,330,379,54,28,210,117,1956,0,"CPOY-1,AS,NBA3"
Steph Curry,2024-25,36,GSW,NBA,PG,70,70,2252,564,1258,0.448,311,784,0.397,253,474,0.534,0.572,279,299,0.933,40,270,310,421,80,30,200,95,1718,0,"MVP-9,CPOY-5,AS,NBA2"
Steph Curry,2025-26,37,GSW,NBA,PG,39,39,1222,348,744,0.468,175,448,0.391,173,296,0.584,0.585,190,204,0.931,16,122,138,189,44,16,111,74,1061,0,AS
Blake Griffin,2010-11,21,LAC,NBA,PF,82,82,3112,696,1376,0.506,7,24,0.292,689,1352,0.51,0.508,446,695,0.642,270,719,989,312,63,45,223,252,1845,2,"MVP-10,ROY-1,AS"
Blake Griffin,2011-12,22,LAC,NBA,PF,66,66,2392,561,1022,0.549,2,16,0.125,559,1006,0.556,0.55,244,468,0.521,218,499,717,210,54,48,150,216,1368,0,"AS,NBA2"
Blake Griffin,2012-13,23,LAC,NBA,PF,80,80,2598,577,1072,0.538,5,28,0.179,572,1044,0.548,0.541,281,426,0.66,186,476,662,299,97,50,185,231,1440,1,"AS,NBA2"
Blake Griffin,2013-14,24,LAC,NBA,PF,80,80,2863,718,1359,0.528,12,44,0.273,706,1315,0.537,0.533,482,674,0.715,192,565,757,309,92,51,224,265,1930,1,"MVP-3,AS,NBA2"
Blake Griffin,2014-15,25,LAC,NBA,PF,67,67,2356,574,1144,0.502,10,25,0.4,564,1119,0.504,0.506,311,427,0.728,126,382,508,354,63,35,152,196,1469,0,"MVP-8,AS,NBA3"
Blake Griffin,2015-16,26,LAC,NBA,PF,35,35,1170,301,603,0.499,6,18,0.333,295,585,0.504,0.504,141,194,0.727,51,243,294,170,28,17,83,95,749,0,
Blake Griffin,2016-17,27,LAC,NBA,PF,61,61,2076,479,971,0.493,38,113,0.336,441,858,0.514,0.513,320,421,0.76,112,385,497,300,57,22,142,157,1316,1,
Blake Griffin,2017-18,28,2TM,NBA,PF,58,58,1970,436,996,0.438,111,322,0.345,325,674,0.482,0.493,259,330,0.785,73,355,428,334,41,18,165,139,1242,3,
Blake Griffin,2017-18,28,LAC,NBA,PF,33,33,1139,255,578,0.441,64,187,0.342,191,391,0.488,0.497,172,219,0.785,46,216,262,179,30,9,99,78,746,2,
Blake Griffin,2017-18,28,DET,NBA,PF,25,25,831,181,418,0.433,47,135,0.348,134,283,0.473,0.489,87,111,0.784,27,139,166,155,11,9,66,61,496,1,
Blake Griffin,2018-19,29,DET,NBA,PF,75,75,2622,619,1341,0.462,189,522,0.362,430,819,0.525,0.532,414,550,0.753,100,465,565,402,52,28,253,199,1841,2,"AS,NBA3"
Blake Griffin,2019-20,30,DET,NBA,PF,18,18,512,88,250,0.352,27,111,0.243,61,139,0.439,0.406,76,98,0.776,17,67,84,59,7,7,40,27,279,0,
Blake Griffin,2020-21,31,2TM,NBA,PF,46,30,1186,174,411,0.423,70,205,0.341,104,206,0.505,0.509,87,117,0.744,35,190,225,140,32,15,62,111,505,0,
Blake Griffin,2020-21,31,DET,NBA,PF,20,20,626,81,222,0.365,39,124,0.315,42,98,0.429,0.453,44,62,0.71,7,97,104,77,14,2,32,42,245,0,
Blake Griffin,2020-21,31,BRK,NBA,PF,26,10,560,93,189,0.492,31,81,0.383,62,108,0.574,0.574,43,55,0.782,28,93,121,63,18,13,30,69,260,0,
Blake Griffin,2021-22,32,BRK,NBA,C,56,24,958,133,313,0.425,38,145,0.262,95,168,0.565,0.486,55,76,0.724,60,168,228,105,27,14,31,95,359,0,
Blake Griffin,2022-23,33,BOS,NBA,C,41,16,569,63,130,0.485,23,66,0.348,40,64,0.625,0.573,21,32,0.656,47,108,155,61,14,9,22,75,170,0,
Hakeem Olajuwon ,1984-85,22,HOU,NBA,C,82,82,2914,677,1258,0.538,0,0,,677,1258,0.538,0.538,338,551,0.613,440,534,974,111,99,220,234,344,1692,0,"MVP-12,ROY-2,AS,DEF2"
Hakeem Olajuwon ,1985-86,23,HOU,NBA,C,68,68,2467,625,1188,0.526,0,0,,625,1188,0.526,0.526,347,538,0.645,333,448,781,137,134,231,195,271,1597,1,"MVP-4,AS,NBA2"
Hakeem Olajuwon ,1986-87,24,HOU,NBA,C,75,75,2760,677,1332,0.508,1,5,0.2,676,1327,0.509,0.509,400,570,0.702,315,543,858,220,140,254,228,294,1755,1,"MVP-7,AS,NBA1,DEF1"
Hakeem Olajuwon ,1987-88,25,HOU,NBA,C,79,79,2825,712,1385,0.514,0,4,0,712,1381,0.516,0.514,381,548,0.695,302,657,959,163,162,214,243,324,1805,1,"MVP-7,DPOY-3,AS,NBA1,DEF1"
Hakeem Olajuwon ,1988-89,26,HOU,NBA,C,82,82,3024,790,1556,0.508,0,10,0,790,1546,0.511,0.508,454,652,0.696,338,767,1105,149,213,282,275,329,2034,0,"MVP-5,DPOY-2,AS,NBA1"
Hakeem Olajuwon ,1989-90,27,HOU,NBA,C,82,82,3124,806,1609,0.501,1,6,0.167,805,1603,0.502,0.501,382,536,0.713,299,850,1149,234,174,376,316,314,1995,4,"MVP-7,DPOY-2,AS,NBA2,DEF1"
Hakeem Olajuwon ,1990-91,28,HOU,NBA,C,56,50,2062,487,959,0.508,0,4,0,487,955,0.51,0.508,213,277,0.769,219,551,770,131,121,221,174,221,1187,1,"MVP-18,DPOY-5,NBA3,DEF2"
Hakeem Olajuwon ,1991-92,29,HOU,NBA,C,70,69,2636,591,1177,0.502,0,1,0,591,1176,0.503,0.502,328,428,0.766,246,599,845,157,127,304,187,263,1510,0,"DPOY-6,AS"
Hakeem Olajuwon ,1992-93,30,HOU,NBA,C,82,82,3242,848,1603,0.529,0,8,0,848,1595,0.532,0.529,444,570,0.779,283,785,1068,291,150,342,262,305,2140,0,"MVP-2,DPOY-1,AS,NBA1,DEF1"
Hakeem Olajuwon ,1993-94,31,HOU,NBA,C,80,80,3277,894,1694,0.528,8,19,0.421,886,1675,0.529,0.53,388,542,0.716,229,726,955,287,128,297,271,289,2184,1,"MVP-1,DPOY-1,AS,NBA1,DEF1"
Hakeem Olajuwon ,1994-95,32,HOU,NBA,C,72,72,2853,798,1545,0.517,3,16,0.188,795,1529,0.52,0.517,406,537,0.756,172,603,775,255,133,242,237,250,2005,1,"MVP-5,DPOY-3,AS,NBA3"
Hakeem Olajuwon ,1995-96,33,HOU,NBA,C,72,72,2797,768,1494,0.514,3,14,0.214,765,1480,0.517,0.515,397,548,0.724,176,608,784,257,113,207,247,242,1936,3,"MVP-4,DPOY-5,AS,NBA2,DEF2"
Hakeem Olajuwon ,1996-97,34,HOU,NBA,C,78,78,2852,727,1426,0.51,5,16,0.313,722,1410,0.512,0.512,351,446,0.787,173,543,716,236,117,173,281,249,1810,1,"MVP-7,AS,NBA1,DEF2"
Hakeem Olajuwon ,1997-98,35,HOU,NBA,C,47,45,1633,306,633,0.483,0,3,0,306,630,0.486,0.483,160,212,0.755,116,344,460,143,84,96,126,152,772,0,
Hakeem Olajuwon ,1998-99,36,HOU,NBA,C,50,50,1784,373,725,0.514,4,13,0.308,369,712,0.518,0.517,195,272,0.717,106,372,478,88,82,123,139,160,945,0,"MVP-13,DPOY-7,NBA3"
Hakeem Olajuwon ,1999-00,37,HOU,NBA,C,44,28,1049,193,421,0.458,0,2,0,193,419,0.461,0.458,69,112,0.616,65,209,274,61,41,70,73,88,455,0,
Hakeem Olajuwon ,2000-01,38,HOU,NBA,C,58,55,1545,283,568,0.498,0,1,0,283,567,0.499,0.498,123,198,0.621,124,307,431,72,70,88,81,141,689,0,
Hakeem Olajuwon ,2001-02,39,TOR,NBA,C,61,37,1378,194,418,0.464,0,2,0,194,416,0.466,0.464,47,84,0.56,98,268,366,66,74,90,98,147,435,0,
